U0001;Carolina;Ruiz Duque;Cliente;202cb962ac59075b964b07152d234b70
U0002;María Camila;Méndez Díaz;Cliente;202cb962ac59075b964b07152d234b70
U0004;Carlos Alberto;Cuesta Iglesias;Cliente;202cb962ac59075b964b07152d234b70
U0006;Mónica;Hurtado Cuesta;Cliente;202cb962ac59075b964b07152d234b70
U0007;Ana María;Quintero Gutiérrez;Cliente;202cb962ac59075b964b07152d234b70
U0008;Carlos Andrés;Mejía Gutiérrez;Cliente;202cb962ac59075b964b07152d234b70
U0009;María Camila;Cuesta Román;Cliente;202cb962ac59075b964b07152d234b70
U0010;David Andrés;González Díaz;Cliente;202cb962ac59075b964b07152d234b70
U0011;Juan Felipe;González Pérez;Cliente;202cb962ac59075b964b07152d234b70
U0101;Angela María;García Gómez;Cliente;202cb962ac59075b964b07152d234b70
U0202;Marco Antonio;Marín Zapata;Cliente;202cb962ac59075b964b07152d234b70
U0303;Diana;Uribe Forero;Cliente;202cb962ac59075b964b07152d234b70
U0404;David Robert;Hawkins;Cliente;202cb962ac59075b964b07152d234b70
U0003;Natalia;Pérez Manrique;Cliente;202cb962ac59075b964b07152d234b70
U0005;Frank;Baum;Cliente;202cb962ac59075b964b07152d234b70
U0012;Fernando;Fernández;Administrador;202cb962ac59075b964b07152d234b70
U0013;Ana Milena;Gómez López;Auxiliar de taquilla;202cb962ac59075b964b07152d234b70
U0015;Carlos Enrique;Alape Hernandez;Administrador;d9b1d7db4cd6e70935368a1efb10e377
